datetime,NT,KLN,HKI,Total
1/1/2017,0.096234872,0.096234872,0.096234872,0.096234872
2/1/2017,0.096234872,0.096234872,0.096234872,0.096234872
3/1/2017,0.366400315,0.192469745,0.096234872,0.384939489
4/1/2017,0.722511659,0.883905306,0.62319138,0.93632881
5/1/2017,0.505033634,0.732090461,0.485446624,0.773095437
6/1/2017,0.63514177,0.757995603,0.561327426,0.826533856
7/1/2017,0.591820129,0.757995603,0.522195896,0.811303525
8/1/2017,0.415920198,0.4012922,0.33291796,0.528507781
9/1/2017,0.601268506,0.741716722,0.441233281,0.794194204
10/1/2017,0.727751434,0.867463109,0.63514177,0.927901614
11/1/2017,0.685090385,0.810900513,0.653859743,0.885800729
12/1/2017,0.632249216,0.778295954,0.551225694,0.837285705
13/1/2017,0.643474524,0.779313083,0.556368414,0.841233959
14/1/2017,0.192469745,0.223450454,0.192469745,0.305057328
15/1/2017,0.522195896,0.558870059,0.441233281,0.663521907
16/1/2017,0.706349528,0.865842419,0.57522277,0.915742159
17/1/2017,0.749467808,0.881499048,0.676860564,0.947479478
18/1/2017,0.620035845,0.803012251,0.53155928,0.849421767
19/1/2017,0.375979118,0.248763536,0.288704617,0.446900907
20/1/2017,0.726274425,0.860863645,0.626276786,0.922226746
21/1/2017,0.497527072,0.764910106,0.366400315,0.78862138
22/1/2017,0.223450454,0.248763536,0.152528664,0.319685326
23/1/2017,0.742379432,0.847574676,0.627794152,0.918372449
24/1/2017,0.715470498,0.891110211,0.691911848,0.948681542
25/1/2017,0.512155071,0.694735761,0.33291796,0.73280063
26/1/2017,0.152528664,0.356111344,0.33291796,0.435324407
27/1/2017,0.096234872,0.152528664,0.096234872,0.152528664
28/1/2017,0.096234872,0.096234872,0.096234872,0.096234872
29/1/2017,0.096234872,0.096234872,0.096234872,0.096234872
30/1/2017,0.096234872,0.096234872,0.096234872,0.096234872
31/1/2017,0.096234872,0.096234872,0.096234872,0.096234872
1/2/2017,0.096234872,0.096234872,0.096234872,0.096234872
2/2/2017,0.096234872,0.152528664,0.096234872,0.152528664
3/2/2017,0.096234872,0.096234872,0.096234872,0.096234872
4/2/2017,0.096234872,0.152528664,0.096234872,0.152528664
5/2/2017,0.096234872,0.096234872,0.096234872,0.096234872
6/2/2017,0.47221399,0.476766449,0.33291796,0.585826209
7/2/2017,0.593761945,0.75379717,0.497527072,0.80597085
8/2/2017,0.525387705,0.67472456,0.512155071,0.741716722
9/2/2017,0.581681496,0.727751434,0.540330885,0.791899316
10/2/2017,0.579561798,0.778295954,0.485446624,0.819507287
11/2/2017,0.615163851,0.760338908,0.556368414,0.822509297
12/2/2017,0.415920198,0.415920198,0.305057328,0.528507781
13/2/2017,0.659976925,0.791435751,0.573001322,0.855113856
14/2/2017,0.744348793,0.878058649,0.657562298,0.941465583
15/2/2017,0.608389943,0.820263896,0.585826209,0.866113851
16/2/2017,0.581681496,0.739033787,0.534545149,0.798231769
17/2/2017,0.633703025,0.754404776,0.537468153,0.820640661
18/2/2017,0.632249216,0.793280796,0.568448862,0.849421767
19/2/2017,0.096234872,0.152528664,0.096234872,0.152528664
20/2/2017,0.704624815,0.861985571,0.620035845,0.917251278
21/2/2017,0.738354873,0.860863645,0.620035845,0.924560206
22/2/2017,0.651335354,0.80597085,0.640752132,0.872991022
23/2/2017,0.615163851,0.763781339,0.457585992,0.814092322
24/2/2017,0.642120001,0.782320513,0.57522277,0.845388213
25/2/2017,0.624742654,0.746290609,0.497527072,0.80845756
26/2/2017,0.096234872,0.152528664,0.096234872,0.152528664
27/2/2017,0.615163851,0.755612066,0.581681496,0.823618525
28/2/2017,0.708053078,0.856573781,0.583769319,0.910524266
1/3/2017,0.616806918,0.80513195,0.608389943,0.860299264
2/3/2017,0.629295113,0.774151241,0.476766449,0.82617277
3/3/2017,0.627794152,0.778295954,0.577409234,0.839930311
4/3/2017,0.593761945,0.771496522,0.422694106,0.812505589
5/3/2017,0.096234872,0.223450454,0.096234872,0.223450454
6/3/2017,0.577409234,0.74564635,0.537468153,0.802155226
7/3/2017,0.713041791,0.875294371,0.715470498,0.94225131
8/3/2017,0.621622577,0.778295954,0.591820129,0.840909193
9/3/2017,0.608389943,0.763781339,0.485446624,0.814878939
10/3/2017,0.615163851,0.794648665,0.577409234,0.848193108
11/3/2017,0.595676976,0.782320513,0.525387705,0.829389228
12/3/2017,0.096234872,0.096234872,0.096234872,0.096234872
13/3/2017,0.591820129,0.773095437,0.515583333,0.821016406
14/3/2017,0.734909595,0.897959594,0.694735761,0.95737985
15/3/2017,0.621622577,0.788146721,0.54313578,0.840583665
16/3/2017,0.608389943,0.777271318,0.534545149,0.829389228
17/3/2017,0.62319138,0.790503952,0.553820864,0.843805099
18/3/2017,0.624742654,0.783308685,0.501331079,0.833565109
19/3/2017,0.096234872,0.096234872,0.096234872,0.096234872
20/3/2017,0.608389943,0.757403544,0.446900907,0.807219772
21/3/2017,0.731376642,0.882947802,0.644815961,0.940039971
22/3/2017,0.637975288,0.774151241,0.493615896,0.829742056
23/3/2017,0.655104932,0.77880545,0.615163851,0.852745567
24/3/2017,0.597565952,0.776239063,0.415920198,0.816438928
25/3/2017,0.579561798,0.775199077,0.525387705,0.821391136
26/3/2017,0.152528664,0.096234872,0.096234872,0.152528664
27/3/2017,0.615163851,0.764910106,0.481174362,0.816826202
28/3/2017,0.686085641,0.861985571,0.615163851,0.912867572
29/3/2017,0.62319138,0.795101642,0.512155071,0.842525481
30/3/2017,0.644815961,0.779313083,0.589850769,0.846329488
31/3/2017,0.62319138,0.790970633,0.583769319,0.848193108
1/4/2017,0.597565952,0.767692515,0.537468153,0.821016406
2/4/2017,0.096234872,0.096234872,0.096234872,0.096234872
3/4/2017,0.587853071,0.770420256,0.512155071,0.817981584
4/4/2017,0.096234872,0.096234872,0.096234872,0.096234872
5/4/2017,0.691911848,0.853043822,0.599429571,0.906122707
6/4/2017,0.681036445,0.806804712,0.589850769,0.872214668
7/4/2017,0.659976925,0.8025844,0.595676976,0.865297957
8/4/2017,0.603083403,0.763781339,0.505033634,0.815661124
9/4/2017,0.096234872,0.096234872,0.096234872,0.096234872
10/4/2017,0.613501106,0.74564635,0.497527072,0.80513195
11/4/2017,0.702878408,0.868533153,0.653859743,0.925624101
12/4/2017,0.653859743,0.770959432,0.589850769,0.843486298
13/4/2017,0.618430768,0.788146721,0.589850769,0.846329488
14/4/2017,0.446900907,0.493615896,0.305057328,0.579561798
15/4/2017,0.096234872,0.096234872,0.096234872,0.096234872
16/4/2017,0.096234872,0.096234872,0.096234872,0.096234872
17/4/2017,0.518928979,0.452346216,0.366400315,0.60487488
18/4/2017,0.768242367,0.912867572,0.691911848,0.973795002
19/4/2017,0.62319138,0.816826202,0.568448862,0.863927387
20/4/2017,0.663521907,0.795553147,0.587853071,0.860581742
21/4/2017,0.642120001,0.784289873,0.581681496,0.847574676
22/4/2017,0.616806918,0.76602977,0.587853071,0.831492868
23/4/2017,0.096234872,0.096234872,0.096234872,0.096234872
24/4/2017,0.62319138,0.752573924,0.553820864,0.81912743
25/4/2017,0.686085641,0.830445032,0.599429571,0.889744584
26/4/2017,0.633703025,0.795553147,0.583769319,0.853341437
27/4/2017,0.624742654,0.768790051,0.606643535,0.838283345
28/4/2017,0.626276786,0.770959432,0.566115403,0.833221877
29/4/2017,0.642120001,0.770959432,0.553820864,0.835268659
30/4/2017,0.096234872,0.192469745,0.096234872,0.192469745
1/5/2017,0.096234872,0.096234872,0.096234872,0.096234872
2/5/2017,0.611818205,0.742379432,0.545885128,0.808867715
3/5/2017,0.435324407,0.508640008,0.422694106,0.606643535
4/5/2017,0.698413792,0.829035502,0.548581088,0.886504894
5/5/2017,0.683078211,0.846641834,0.558870059,0.895786818
6/5/2017,0.610114656,0.756211798,0.573001322,0.821391136
7/5/2017,0.096234872,0.096234872,0.096234872,0.096234872
8/5/2017,0.615163851,0.773624342,0.54313578,0.829389228
9/5/2017,0.692859549,0.82617277,0.618430768,0.891110211
10/5/2017,0.647460566,0.821391136,0.591820129,0.874530826
11/5/2017,0.616806918,0.777784581,0.553820864,0.833907496
12/5/2017,0.620035845,0.783308685,0.573001322,0.840909193
13/5/2017,0.630780021,0.746931892,0.518928979,0.812903976
14/5/2017,0.096234872,0.096234872,0.096234872,0.096234872
15/5/2017,0.618430768,0.786231689,0.589850769,0.845073031
16/5/2017,0.699318275,0.840909193,0.579561798,0.897527751
17/5/2017,0.627794152,0.762070793,0.4012922,0.812505589
18/5/2017,0.663521907,0.792821828,0.626276786,0.865024923
19/5/2017,0.647460566,0.758585147,0.566115403,0.83079519
20/5/2017,0.637975288,0.769878979,0.563742053,0.834929617
21/5/2017,0.096234872,0.096234872,0.096234872,0.096234872
22/5/2017,0.62319138,0.722511659,0.518928979,0.796003188
23/5/2017,0.706349528,0.844440512,0.57522277,0.901156303
24/5/2017,0.62319138,0.755009733,0.581681496,0.825083842
25/5/2017,0.618430768,0.743695438,0.537468153,0.810090962
26/5/2017,0.611818205,0.765471066,0.518928979,0.820263896
27/5/2017,0.633703025,0.740381735,0.528507781,0.810900513
28/5/2017,0.096234872,0.096234872,0.096234872,0.096234872
29/5/2017,0.599429571,0.729212896,0.441233281,0.785264176
30/5/2017,0.096234872,0.096234872,0.096234872,0.096234872
31/5/2017,0.71466564,0.849421767,0.632249216,0.912867572
1/6/2017,0.650055736,0.766586234,0.518928979,0.830445032
2/6/2017,0.656339052,0.792821828,0.583769319,0.856573781
3/6/2017,0.57522277,0.71706635,0.485446624,0.775720044
4/6/2017,0.152528664,0.152528664,0.096234872,0.192469745
5/6/2017,0.647460566,0.75379717,0.54313578,0.82471896
6/6/2017,0.729937898,0.853638416,0.671457643,0.924915744
7/6/2017,0.627794152,0.738354873,0.528507781,0.808046189
8/6/2017,0.60487488,0.755612066,0.563742053,0.818364584
9/6/2017,0.673644106,0.762643319,0.522195896,0.835268659
10/6/2017,0.627794152,0.75379717,0.534545149,0.818364584
11/6/2017,0.096234872,0.096234872,0.096234872,0.096234872
12/6/2017,0.591820129,0.713041791,0.457585992,0.774151241
13/6/2017,0.720204056,0.853043822,0.603083403,0.913061074
14/6/2017,0.657562298,0.785748776,0.587853071,0.853043822
15/6/2017,0.621622577,0.759172199,0.53155928,0.819886107
16/6/2017,0.636565757,0.764910106,0.537468153,0.827968883
17/6/2017,0.611818205,0.743695438,0.534545149,0.808046189
18/6/2017,0.096234872,0.152528664,0.096234872,0.152528664
19/6/2017,0.637975288,0.752573924,0.515583333,0.817981584
20/6/2017,0.735605524,0.851244606,0.632249216,0.919299891
21/6/2017,0.611818205,0.73280063,0.563742053,0.80597085
22/6/2017,0.603083403,0.707203916,0.518928979,0.781325257
23/6/2017,0.651335354,0.76602977,0.528507781,0.831492868
24/6/2017,0.637975288,0.771496522,0.553820864,0.834589745
25/6/2017,0.096234872,0.096234872,0.096234872,0.096234872
26/6/2017,0.618430768,0.764910106,0.512155071,0.820640661
27/6/2017,0.723272414,0.861985571,0.647460566,0.924915744
28/6/2017,0.585826209,0.743695438,0.508640008,0.798673224
29/6/2017,0.589850769,0.758585147,0.408798762,0.801292879
30/6/2017,0.630780021,0.786712929,0.610114656,0.851244606
1/7/2017,0.096234872,0.096234872,0.096234872,0.096234872
2/7/2017,0.096234872,0.096234872,0.096234872,0.096234872
3/7/2017,0.701109752,0.842203725,0.63514177,0.905511535
4/7/2017,0.699318275,0.837285705,0.60487488,0.897959594
5/7/2017,0.603083403,0.728484088,0.457585992,0.787192507
6/7/2017,0.603083403,0.74820564,0.568448862,0.814092322
7/7/2017,0.62319138,0.767140476,0.57074375,0.83079519
8/7/2017,0.603083403,0.750718606,0.505033634,0.806804712
9/7/2017,0.096234872,0.096234872,0.096234872,0.096234872
10/7/2017,0.601268506,0.729212896,0.522195896,0.794648665
11/7/2017,0.713041791,0.844440512,0.629295113,0.908939798
12/7/2017,0.606643535,0.756211798,0.553820864,0.817597524
13/7/2017,0.593761945,0.749467808,0.54313578,0.808867715
14/7/2017,0.633703025,0.772031542,0.501331079,0.827968883
15/7/2017,0.595676976,0.726274425,0.525387705,0.791899316
16/7/2017,0.096234872,0.096234872,0.096234872,0.096234872
17/7/2017,0.642120001,0.735605524,0.558870059,0.814878939
18/7/2017,0.708897078,0.836951559,0.581681496,0.897527751
19/7/2017,0.616806918,0.756211798,0.597565952,0.827253224
20/7/2017,0.620035845,0.712222688,0.481174362,0.784289873
21/7/2017,0.655104932,0.760918607,0.589850769,0.837951594
22/7/2017,0.599429571,0.718644067,0.429152832,0.777271318
23/7/2017,0.096234872,0.096234872,0.096234872,0.096234872
24/7/2017,0.603083403,0.751958235,0.534545149,0.811303525
25/7/2017,0.708897078,0.831840397,0.611818205,0.89774384
26/7/2017,0.613501106,0.759172199,0.579561798,0.825083842
27/7/2017,0.599429571,0.741716722,0.528507781,0.803012251
28/7/2017,0.599429571,0.764346869,0.551225694,0.821016406
29/7/2017,0.62319138,0.734909595,0.537468153,0.80597085
30/7/2017,0.096234872,0.096234872,0.096234872,0.096234872
31/7/2017,0.624742654,0.752573924,0.505033634,0.813301222
1/8/2017,0.676860564,0.820640661,0.593761945,0.880524746
2/8/2017,0.319685326,0.415920198,0.248763536,0.481174362
3/8/2017,0.690957634,0.763213495,0.528507781,0.841881222
4/8/2017,0.643474524,0.816438928,0.597565952,0.87117273
5/8/2017,0.270165442,0.583769319,0.553820864,0.669236194
6/8/2017,0.096234872,0.096234872,0.096234872,0.096234872
7/8/2017,0.708053078,0.834929617,0.566115403,0.894466641
8/8/2017,0.693800824,0.808867715,0.610114656,0.879543557
9/8/2017,0.595676976,0.610114656,0.595676976,0.750718606
10/8/2017,0.540330885,0.817597524,0.573001322,0.853638416
11/8/2017,0.668111997,0.731376642,0.553820864,0.819886107
12/8/2017,0.497527072,0.756808949,0.563742053,0.802155226
13/8/2017,0.152528664,0.096234872,0.096234872,0.152528664
14/8/2017,0.697503379,0.795101642,0.597565952,0.870648814
15/8/2017,0.655104932,0.762643319,0.573001322,0.836280845
16/8/2017,0.615163851,0.751339804,0.583769319,0.821391136
17/8/2017,0.708053078,0.759756779,0.579561798,0.852147128
18/8/2017,0.366400315,0.558870059,0.497527072,0.642120001
19/8/2017,0.616806918,0.744999087,0.515583333,0.807633596
20/8/2017,0.096234872,0.096234872,0.096234872,0.096234872
21/8/2017,0.658774861,0.851546099,0.601268506,0.898819272
22/8/2017,0.642120001,0.807633596,0.642120001,0.872473936
23/8/2017,0.096234872,0.096234872,0.096234872,0.096234872
24/8/2017,0.703754357,0.791899316,0.595676976,0.870386113
25/8/2017,0.730659134,0.797344625,0.620035845,0.885329293
26/8/2017,0.248763536,0.563742053,0.54313578,0.652603286
27/8/2017,0.152528664,0.096234872,0.096234872,0.152528664
28/8/2017,0.732090461,0.832532855,0.636565757,0.907739465
29/8/2017,0.366400315,0.627794152,0.566115403,0.70548985
30/8/2017,0.689029304,0.802155226,0.579561798,0.870122914
31/8/2017,0.556368414,0.632249216,0.573001322,0.741050833
1/9/2017,0.62319138,0.732090461,0.548581088,0.80597085
2/9/2017,0.610114656,0.734909595,0.558870059,0.80597085
3/9/2017,0.096234872,0.152528664,0.096234872,0.152528664
4/9/2017,0.593761945,0.53155928,0.375979118,0.67472456
5/9/2017,0.577409234,0.837285705,0.60487488,0.877059814
6/9/2017,0.624742654,0.750094616,0.537468153,0.815661124
7/9/2017,0.579561798,0.743038995,0.518928979,0.798231769
8/9/2017,0.618430768,0.727014894,0.54313578,0.800859688
9/9/2017,0.71385609,0.830093989,0.632249216,0.900734304
10/9/2017,0.192469745,0.096234872,0.096234872,0.192469745
11/9/2017,0.624742654,0.77675615,0.573001322,0.837619049
12/9/2017,0.621622577,0.700216903,0.583769319,0.794648665
13/9/2017,0.581681496,0.770959432,0.566115403,0.824353117
14/9/2017,0.653859743,0.816826202,0.558870059,0.868799381
15/9/2017,0.583769319,0.727751434,0.508640008,0.787670434
16/9/2017,0.62319138,0.762070793,0.568448862,0.827253224
17/9/2017,0.152528664,0.152528664,0.096234872,0.192469745
18/9/2017,0.615163851,0.632249216,0.508640008,0.744999087
19/9/2017,0.624742654,0.768790051,0.573001322,0.832532855
20/9/2017,0.563742053,0.682061082,0.4012922,0.741050833
21/9/2017,0.540330885,0.730659134,0.548581088,0.787192507
22/9/2017,0.744348793,0.87091102,0.640752132,0.934849177
23/9/2017,0.599429571,0.726274425,0.481174362,0.787192507
24/9/2017,0.096234872,0.152528664,0.096234872,0.152528664
25/9/2017,0.671457643,0.786231689,0.579561798,0.855699669
26/9/2017,0.508640008,0.66583592,0.553820864,0.742379432
27/9/2017,0.579561798,0.751958235,0.57074375,0.812106056
28/9/2017,0.644815961,0.749467808,0.556368414,0.823249766
29/9/2017,0.60487488,0.73280063,0.54313578,0.800859688
30/9/2017,0.505033634,0.671457643,0.344998409,0.71466564
1/10/2017,0.096234872,0.096234872,0.096234872,0.096234872
2/10/2017,0.096234872,0.096234872,0.096234872,0.096234872
3/10/2017,0.556368414,0.73421016,0.518928979,0.787670434
4/10/2017,0.587853071,0.618430768,0.508640008,0.728484088
5/10/2017,0.096234872,0.096234872,0.096234872,0.096234872
6/10/2017,0.096234872,0.096234872,0.152528664,0.152528664
7/10/2017,0.587853071,0.720977526,0.501331079,0.783308685
8/10/2017,0.096234872,0.344998409,0.096234872,0.344998409
9/10/2017,0.66583592,0.80428795,0.640752132,0.875040322
10/10/2017,0.743695438,0.880524746,0.664683735,0.943809549
11/10/2017,0.647460566,0.780322816,0.597565952,0.848808796
12/10/2017,0.661168672,0.809276663,0.577409234,0.867463109
13/10/2017,0.613501106,0.738354873,0.534545149,0.80513195
14/10/2017,0.591820129,0.636565757,0.525387705,0.741716722
15/10/2017,0.096234872,0.096234872,0.096234872,0.096234872
16/10/2017,0.620035845,0.727751434,0.489591337,0.794648665
17/10/2017,0.67472456,0.830093989,0.642120001,0.89313379
18/10/2017,0.603083403,0.724781533,0.573001322,0.800859688
19/10/2017,0.618430768,0.735605524,0.489591337,0.79911328
20/10/2017,0.595676976,0.803438788,0.561327426,0.848808796
21/10/2017,0.573001322,0.736297983,0.577409234,0.802155226
22/10/2017,0.096234872,0.096234872,0.096234872,0.096234872
23/10/2017,0.647460566,0.797344625,0.581681496,0.857153479
24/10/2017,0.671457643,0.808867715,0.616806918,0.875040322
25/10/2017,0.637975288,0.757995603,0.57522277,0.829389228
26/10/2017,0.60487488,0.591820129,0.505033634,0.723272414
27/10/2017,0.581681496,0.720977526,0.493615896,0.780824941
28/10/2017,0.096234872,0.096234872,0.096234872,0.096234872
29/10/2017,0.096234872,0.096234872,0.096234872,0.096234872
30/10/2017,0.659976925,0.809684409,0.534545149,0.862821106
31/10/2017,0.698413792,0.764910106,0.658774861,0.865842419
1/11/2017,0.57074375,0.737672623,0.54313578,0.796451775
2/11/2017,0.650055736,0.817212398,0.545885128,0.866924978
3/11/2017,0.57074375,0.599429571,0.457585992,0.703754357
4/11/2017,0.658774861,0.784777879,0.573001322,0.850639648
5/11/2017,0.096234872,0.096234872,0.096234872,0.096234872
6/11/2017,0.540330885,0.780824941,0.556368414,0.823618525
7/11/2017,0.708053078,0.811303525,0.63514177,0.888596211
8/11/2017,0.624742654,0.731376642,0.540330885,0.804710591
9/11/2017,0.583769319,0.712222688,0.512155071,0.778295954
10/11/2017,0.599429571,0.742379432,0.493615896,0.79911328
11/11/2017,0.54313578,0.610114656,0.505033634,0.708897078
12/11/2017,0.096234872,0.192469745,0.096234872,0.192469745
13/11/2017,0.593761945,0.770420256,0.497527072,0.817597524
14/11/2017,0.63514177,0.757403544,0.587853071,0.830445032
15/11/2017,0.595676976,0.728484088,0.493615896,0.789094421
16/11/2017,0.640752132,0.754404776,0.545885128,0.823618525
17/11/2017,0.589850769,0.779313083,0.57522277,0.832877793
18/11/2017,0.700216903,0.724029024,0.621622577,0.839602477
19/11/2017,0.096234872,0.319685326,0.096234872,0.319685326
20/11/2017,0.76602977,0.94957631,0.709735978,1.000206604
21/11/2017,0.518928979,0.457585992,0.288704617,0.595676976
22/11/2017,0.608389943,0.750094616,0.429152832,0.800859688
23/11/2017,0.711398723,0.823986306,0.668111997,0.902414658
24/11/2017,0.759756779,0.849421767,0.651335354,0.927553649
25/11/2017,0.613501106,0.772031542,0.548581088,0.828680872
26/11/2017,0.192469745,0.096234872,0.096234872,0.192469745
27/11/2017,0.639370652,0.775199077,0.573001322,0.839930311
28/11/2017,0.719426252,0.83079519,0.629295113,0.902205723
29/11/2017,0.66583592,0.744999087,0.566115403,0.828325334
30/11/2017,0.640752132,0.756808949,0.551225694,0.825810742
1/12/2017,0.695664444,0.73421016,0.57074375,0.833565109
2/12/2017,0.595676976,0.755612066,0.540330885,0.812903976
3/12/2017,0.096234872,0.096234872,0.096234872,0.096234872
4/12/2017,0.659976925,0.743695438,0.556368414,0.824353117
5/12/2017,0.681036445,0.791435751,0.610114656,0.865842419
6/12/2017,0.636565757,0.756808949,0.563742053,0.826533856
7/12/2017,0.589850769,0.729212896,0.528507781,0.792821828
8/12/2017,0.615163851,0.729212896,0.53155928,0.799551946
9/12/2017,0.626276786,0.763213495,0.53155928,0.823618525
10/12/2017,0.096234872,0.096234872,0.096234872,0.096234872
11/12/2017,0.70548985,0.845388213,0.648764215,0.910524266
12/12/2017,0.741716722,0.807633596,0.669236194,0.902414658
13/12/2017,0.688055001,0.826533856,0.566115403,0.883905306
14/12/2017,0.66583592,0.764346869,0.639370652,0.852147128
15/12/2017,0.621622577,0.715470498,0.481174362,0.786712929
16/12/2017,0.606643535,0.733507184,0.525387705,0.79911328
17/12/2017,0.096234872,0.192469745,0.096234872,0.192469745
18/12/2017,0.656339052,0.783308685,0.583769319,0.850639648
19/12/2017,0.760918607,0.882466562,0.67472456,0.950612968
20/12/2017,0.681036445,0.835268659,0.650055736,0.899033363
21/12/2017,0.726274425,0.844123169,0.585826209,0.907135385
22/12/2017,0.624742654,0.75379717,0.581681496,0.82471896
23/12/2017,0.661168672,0.750094616,0.522195896,0.823986306
24/12/2017,0.096234872,0.152528664,0.096234872,0.152528664
25/12/2017,0.096234872,0.096234872,0.096234872,0.096234872
26/12/2017,0.096234872,0.096234872,0.096234872,0.096234872
27/12/2017,0.757995603,0.884381593,0.685090385,0.952517894
28/12/2017,0.626276786,0.720204056,0.568448862,0.803438788
29/12/2017,0.613501106,0.763781339,0.53155928,0.821016406
30/12/2017,0.558870059,0.743038995,0.534545149,0.796451775
31/12/2017,0.096234872,0.096234872,0.096234872,0.096234872
1/1/2018,0.096234872,0.096234872,0.096234872,0.096234872
2/1/2018,0.57522277,0.711398723,0.515583333,0.776239063
3/1/2018,0.643474524,0.757995603,0.581681496,0.831840397
4/1/2018,0.676860564,0.796898918,0.601268506,0.866655129
5/1/2018,0.643474524,0.757403544,0.566115403,0.829035502
6/1/2018,0.57074375,0.727751434,0.545885128,0.790503952
7/1/2018,0.096234872,0.096234872,0.096234872,0.096234872
8/1/2018,0.096234872,0.601268506,0.192469745,0.60487488
9/1/2018,0.66583592,0.811303525,0.632249216,0.877809613
10/1/2018,0.60487488,0.762643319,0.537468153,0.81912743
11/1/2018,0.697503379,0.832187058,0.611818205,0.895128299
12/1/2018,0.626276786,0.740381735,0.581681496,0.817212398
13/1/2018,0.615163851,0.709735978,0.467507181,0.779818868
14/1/2018,0.096234872,0.096234872,0.096234872,0.096234872
15/1/2018,0.33291796,0.4012922,0.375979118,0.512155071
16/1/2018,0.701996896,0.854230475,0.528507781,0.903039584
17/1/2018,0.270165442,0.525387705,0.528507781,0.627794152
18/1/2018,0.698413792,0.806804712,0.639370652,0.884143654
19/1/2018,0.610114656,0.750094616,0.525387705,0.810496327
20/1/2018,0.615163851,0.741716722,0.551225694,0.810090962
21/1/2018,0.096234872,0.096234872,0.096234872,0.096234872
22/1/2018,0.613501106,0.756808949,0.553820864,0.819507287
23/1/2018,0.627794152,0.814878939,0.57522277,0.864202586
24/1/2018,0.643474524,0.762070793,0.566115403,0.831840397
25/1/2018,0.626276786,0.732090461,0.534545149,0.804710591
26/1/2018,0.585826209,0.729937898,0.505033634,0.789094421
27/1/2018,0.632249216,0.740381735,0.534545149,0.811303525
28/1/2018,0.096234872,0.096234872,0.096234872,0.096234872
29/1/2018,0.563742053,0.733507184,0.525387705,0.789565856
30/1/2018,0.681036445,0.817597524,0.630780021,0.884856252
31/1/2018,0.57522277,0.744348793,0.563742053,0.80513195
1/2/2018,0.568448862,0.691911848,0.481174362,0.757403544
2/2/2018,0.618430768,0.741050833,0.566115403,0.812903976
3/2/2018,0.639370652,0.750094616,0.525387705,0.817981584
4/2/2018,0.096234872,0.096234872,0.096234872,0.096234872
5/2/2018,0.676860564,0.800859688,0.579561798,0.866113851
6/2/2018,0.658774861,0.85482002,0.621622577,0.90366171
7/2/2018,0.652603286,0.770420256,0.548581088,0.836951559
8/2/2018,0.696586956,0.801724722,0.577409234,0.871694677
9/2/2018,0.597565952,0.756808949,0.595676976,0.823249766
10/2/2018,0.192469745,0.319685326,0.192469745,0.366400315
11/2/2018,0.096234872,0.096234872,0.096234872,0.096234872
12/2/2018,0.737672623,0.874530826,0.626276786,0.933853921
13/2/2018,0.415920198,0.375979118,0.192469745,0.493615896
14/2/2018,0.152528664,0.422694106,0.192469745,0.441233281
15/2/2018,0.305057328,0.288704617,0.152528664,0.384939489
16/2/2018,0.096234872,0.096234872,0.096234872,0.096234872
17/2/2018,0.096234872,0.096234872,0.096234872,0.096234872
18/2/2018,0.096234872,0.096234872,0.096234872,0.096234872
19/2/2018,0.096234872,0.096234872,0.096234872,0.096234872
20/2/2018,0.096234872,0.096234872,0.096234872,0.096234872
21/2/2018,0.096234872,0.096234872,0.096234872,0.096234872
22/2/2018,0.096234872,0.096234872,0.096234872,0.096234872
23/2/2018,0.096234872,0.096234872,0.096234872,0.096234872
24/2/2018,0.248763536,0.248763536,0.096234872,0.319685326
25/2/2018,0.096234872,0.096234872,0.096234872,0.096234872
26/2/2018,0.270165442,0.493615896,0.305057328,0.534545149
27/2/2018,0.508640008,0.601268506,0.441233281,0.681036445
28/2/2018,0.611818205,0.776239063,0.556368414,0.832187058
1/3/2018,0.668111997,0.767140476,0.566115403,0.841557968
2/3/2018,0.515583333,0.807633596,0.481174362,0.833565109
3/3/2018,0.563742053,0.610114656,0.429152832,0.701996896
4/3/2018,0.152528664,0.096234872,0.096234872,0.152528664
5/3/2018,0.611818205,0.742379432,0.548581088,0.809276663
6/3/2018,0.693800824,0.831840397,0.601268506,0.892686648
7/3/2018,0.589850769,0.756211798,0.537468153,0.81170537
8/3/2018,0.606643535,0.760918607,0.573001322,0.823618525
9/3/2018,0.653859743,0.751339804,0.585826209,0.831492868
10/3/2018,0.589850769,0.700216903,0.518928979,0.773624342
11/3/2018,0.096234872,0.096234872,0.096234872,0.096234872
12/3/2018,0.642120001,0.763781339,0.545885128,0.829742056
13/3/2018,0.695664444,0.791899316,0.57074375,0.864751351
14/3/2018,0.630780021,0.753186894,0.551225694,0.821016406
15/3/2018,0.630780021,0.760918607,0.522195896,0.822137576
16/3/2018,0.643474524,0.760338908,0.556368414,0.829389228
17/3/2018,0.658774861,0.751958235,0.561327426,0.829389228
18/3/2018,0.096234872,0.393356465,0.096234872,0.393356465
19/3/2018,0.666978623,0.770959432,0.577409234,0.845073031
20/3/2018,0.697503379,0.800425141,0.581681496,0.871694677
21/3/2018,0.637975288,0.753186894,0.54313578,0.821764858
22/3/2018,0.522195896,0.515583333,0.441233281,0.644815961
23/3/2018,0.707203916,0.823618525,0.577409234,0.888134188
24/3/2018,0.508640008,0.429152832,0.384939489,0.595676976
25/3/2018,0.096234872,0.096234872,0.096234872,0.096234872
26/3/2018,0.689029304,0.822880025,0.633703025,0.890429076
27/3/2018,0.708897078,0.810900513,0.618430768,0.886035847
28/3/2018,0.66583592,0.756808949,0.568448862,0.835268659
29/3/2018,0.615163851,0.728484088,0.525387705,0.798231769
30/3/2018,0.493615896,0.457585992,0.384939489,0.597565952
31/3/2018,0.4012922,0.534545149,0.467507181,0.624742654
1/4/2018,0.096234872,0.096234872,0.096234872,0.096234872
2/4/2018,0.096234872,0.152528664,0.096234872,0.152528664
3/4/2018,0.760918607,0.87091102,0.620035845,0.936981397
4/4/2018,0.545885128,0.639370652,0.568448862,0.740381735
5/4/2018,0.096234872,0.096234872,0.096234872,0.096234872
6/4/2018,0.701109752,0.791435751,0.621622577,0.873248845
7/4/2018,0.57522277,0.700216903,0.508640008,0.768242367
8/4/2018,0.096234872,0.096234872,0.096234872,0.096234872
9/4/2018,0.627794152,0.736297983,0.505033634,0.803864018
10/4/2018,0.720977526,0.821391136,0.589850769,0.892013222
11/4/2018,0.685090385,0.742379432,0.57074375,0.833907496
12/4/2018,0.636565757,0.734909595,0.429152832,0.798673224
13/4/2018,0.593761945,0.737672623,0.606643535,0.813301222
14/4/2018,0.680004191,0.792361338,0.601268506,0.864751351
15/4/2018,0.096234872,0.096234872,0.096234872,0.096234872
16/4/2018,0.657562298,0.71056984,0.512155071,0.799551946
17/4/2018,0.702878408,0.816050571,0.616806918,0.887205505
18/4/2018,0.650055736,0.740381735,0.518928979,0.814486187
19/4/2018,0.384939489,0.4012922,0.096234872,0.481174362
20/4/2018,0.71385609,0.825447768,0.63514177,0.898390099
21/4/2018,0.610114656,0.717857449,0.508640008,0.788146721
22/4/2018,0.096234872,0.096234872,0.096234872,0.096234872
23/4/2018,0.630780021,0.688055001,0.518928979,0.779313083
24/4/2018,0.676860564,0.825083842,0.626276786,0.887902599
25/4/2018,0.671457643,0.716270717,0.540330885,0.811303525
26/4/2018,0.647460566,0.71385609,0.568448862,0.806388407
27/4/2018,0.613501106,0.71056984,0.429152832,0.776239063
28/4/2018,0.597565952,0.706349528,0.441233281,0.769878979
29/4/2018,0.096234872,0.096234872,0.096234872,0.096234872
30/4/2018,0.621622577,0.701109752,0.47221399,0.777271318
1/5/2018,0.096234872,0.096234872,0.096234872,0.096234872
2/5/2018,0.71385609,0.815270583,0.643474524,0.893801815
3/5/2018,0.644815961,0.747570227,0.568448862,0.823986306
4/5/2018,0.689029304,0.735605524,0.534545149,0.826894006
5/5/2018,0.603083403,0.707203916,0.485446624,0.77675615
6/5/2018,0.096234872,0.096234872,0.096234872,0.096234872
7/5/2018,0.643474524,0.713041791,0.522195896,0.797344625
8/5/2018,0.708053078,0.801724722,0.611818205,0.879543557
9/5/2018,0.672555178,0.747570227,0.585826209,0.834929617
10/5/2018,0.613501106,0.738354873,0.54313578,0.806388407
11/5/2018,0.640752132,0.71466564,0.47221399,0.791435751
12/5/2018,0.629295113,0.734909595,0.545885128,0.808867715
13/5/2018,0.096234872,0.096234872,0.096234872,0.096234872
14/5/2018,0.683078211,0.737672623,0.548581088,0.827611514
15/5/2018,0.647460566,0.824353117,0.630780021,0.882225315
16/5/2018,0.687073813,0.740381735,0.522195896,0.827253224
17/5/2018,0.597565952,0.722511659,0.446900907,0.780824941
18/5/2018,0.653859743,0.695664444,0.561327426,0.798231769
19/5/2018,0.611818205,0.709735978,0.481174362,0.780322816
20/5/2018,0.096234872,0.096234872,0.096234872,0.096234872
21/5/2018,0.64614456,0.706349528,0.545885128,0.798231769
22/5/2018,0.501331079,0.568448862,0.4012922,0.653859743
23/5/2018,0.754404776,0.858018514,0.621622577,0.92737934
24/5/2018,0.610114656,0.702878408,0.476766449,0.775199077
25/5/2018,0.621622577,0.720977526,0.4012922,0.783308685
26/5/2018,0.597565952,0.708053078,0.489591337,0.776239063
27/5/2018,0.096234872,0.096234872,0.096234872,0.096234872
28/5/2018,0.633703025,0.702878408,0.53155928,0.790035696
29/5/2018,0.736297983,0.833221877,0.639370652,0.909734292
30/5/2018,0.658774861,0.71385609,0.452346216,0.795553147
31/5/2018,0.626276786,0.716270717,0.587853071,0.80513195
1/6/2018,0.597565952,0.713041791,0.485446624,0.77880545
2/6/2018,0.637975288,0.724029024,0.493615896,0.798231769
3/6/2018,0.096234872,0.096234872,0.096234872,0.096234872
4/6/2018,0.593761945,0.708897078,0.485446624,0.775199077
5/6/2018,0.735605524,0.817981584,0.633703025,0.90009889
6/6/2018,0.643474524,0.720204056,0.512155071,0.79998923
7/6/2018,0.630780021,0.728484088,0.545885128,0.805552034
8/6/2018,0.613501106,0.727014894,0.540330885,0.79911328
9/6/2018,0.629295113,0.735605524,0.429152832,0.796898918
10/6/2018,0.096234872,0.152528664,0.096234872,0.152528664
11/6/2018,0.653859743,0.739033787,0.566115403,0.821391136
12/6/2018,0.669236194,0.827611514,0.629295113,0.888365392
13/6/2018,0.723272414,0.719426252,0.515583333,0.831144468
14/6/2018,0.647460566,0.711398723,0.497527072,0.794648665
15/6/2018,0.632249216,0.726274425,0.561327426,0.807219772
16/6/2018,0.616806918,0.719426252,0.457585992,0.785264176
17/6/2018,0.096234872,0.096234872,0.096234872,0.096234872
18/6/2018,0.096234872,0.096234872,0.096234872,0.096234872
19/6/2018,0.652603286,0.71706635,0.599429571,0.815661124
20/6/2018,0.66583592,0.770959432,0.457585992,0.832532855
21/6/2018,0.74820564,0.813697335,0.648764215,0.904074918
22/6/2018,0.597565952,0.727014894,0.534545149,0.794194204
23/6/2018,0.603083403,0.626276786,0.556368414,0.74820564
24/6/2018,0.096234872,0.096234872,0.096234872,0.096234872
25/6/2018,0.681036445,0.806804712,0.534545149,0.866113851
26/6/2018,0.096234872,0.152528664,0.096234872,0.152528664
27/6/2018,0.784289873,0.874785808,0.690957634,0.954827096
28/6/2018,0.704624815,0.755009733,0.548581088,0.844440512
29/6/2018,0.659976925,0.690957634,0.540330885,0.794648665
30/6/2018,0.626276786,0.733507184,0.457585992,0.796898918
1/7/2018,0.096234872,0.096234872,0.096234872,0.096234872
2/7/2018,0.096234872,0.096234872,0.096234872,0.096234872
3/7/2018,0.630780021,0.726274425,0.548581088,0.804710591
4/7/2018,0.762643319,0.850336178,0.67579667,0.932515717
5/7/2018,0.653859743,0.728484088,0.485446624,0.80513195
6/7/2018,0.630780021,0.71706635,0.525387705,0.796003188
7/7/2018,0.626276786,0.722511659,0.476766449,0.791899316
8/7/2018,0.096234872,0.096234872,0.096234872,0.096234872
9/7/2018,0.647460566,0.70548985,0.515583333,0.793738251
10/7/2018,0.721746711,0.831840397,0.593761945,0.899033363
11/7/2018,0.647460566,0.74820564,0.525387705,0.81912743
12/7/2018,0.613501106,0.713041791,0.457585992,0.780322816
13/7/2018,0.662350275,0.736987004,0.493615896,0.813697335
14/7/2018,0.640752132,0.711398723,0.393356465,0.783308685
15/7/2018,0.096234872,0.152528664,0.096234872,0.152528664
16/7/2018,0.662350275,0.739709397,0.616806918,0.833565109
17/7/2018,0.718644067,0.803864018,0.624742654,0.885800729
18/7/2018,0.661168672,0.701996896,0.441233281,0.789094421
19/7/2018,0.66583592,0.701109752,0.548581088,0.803012251
20/7/2018,0.647460566,0.735605524,0.512155071,0.810090962
21/7/2018,0.657562298,0.731376642,0.508640008,0.810496327
22/7/2018,0.096234872,0.096234872,0.096234872,0.096234872
23/7/2018,0.672555178,0.706349528,0.518928979,0.803864018
24/7/2018,0.728484088,0.777271318,0.618430768,0.874019453
25/7/2018,0.684087943,0.752573924,0.435324407,0.825810742
26/7/2018,0.663521907,0.750718606,0.597565952,0.835944269
27/7/2018,0.632249216,0.721746711,0.522195896,0.798673224
28/7/2018,0.642120001,0.726274425,0.508640008,0.8025844
29/7/2018,0.192469745,0.096234872,0.096234872,0.192469745
30/7/2018,0.66583592,0.707203916,0.415920198,0.791899316
31/7/2018,0.729212896,0.80845756,0.613501106,0.889973123
1/8/2018,0.670351361,0.71056984,0.577409234,0.814092322
2/8/2018,0.66583592,0.701996896,0.585826209,0.810090962
3/8/2018,0.678964204,0.746290609,0.452346216,0.821391136
4/8/2018,0.647460566,0.726274425,0.566115403,0.812505589
5/8/2018,0.096234872,0.192469745,0.096234872,0.192469745
6/8/2018,0.599429571,0.697503379,0.366400315,0.759172199
7/8/2018,0.721746711,0.816050571,0.573001322,0.887205505
8/8/2018,0.696586956,0.71466564,0.585826209,0.827253224
9/8/2018,0.672555178,0.700216903,0.568448862,0.80845756
10/8/2018,0.672555178,0.720204056,0.435324407,0.803012251
11/8/2018,0.637975288,0.713041791,0.493615896,0.791899316
12/8/2018,0.096234872,0.096234872,0.096234872,0.096234872
13/8/2018,0.668111997,0.743695438,0.54313578,0.825083842
14/8/2018,0.726274425,0.810900513,0.595676976,0.888134188
15/8/2018,0.696586956,0.737672623,0.540330885,0.831492868
16/8/2018,0.678964204,0.725529986,0.505033634,0.814486187
17/8/2018,0.664683735,0.727751434,0.476766449,0.807633596
18/8/2018,0.684087943,0.721746711,0.553820864,0.820640661
19/8/2018,0.096234872,0.096234872,0.096234872,0.096234872
20/8/2018,0.658774861,0.728484088,0.556368414,0.815661124
21/8/2018,0.73421016,0.798673224,0.408798762,0.870386113
22/8/2018,0.726274425,0.777784581,0.642120001,0.87756013
23/8/2018,0.650055736,0.706349528,0.505033634,0.793738251
24/8/2018,0.657562298,0.724029024,0.441233281,0.79998923
25/8/2018,0.659976925,0.728484088,0.57522277,0.81912743
26/8/2018,0.344998409,0.096234872,0.096234872,0.344998409
27/8/2018,0.663521907,0.721746711,0.525387705,0.809276663
28/8/2018,0.755009733,0.817212398,0.633703025,0.905919282
29/8/2018,0.697503379,0.73280063,0.534545149,0.828680872
30/8/2018,0.627794152,0.71385609,0.525387705,0.793280796
31/8/2018,0.682061082,0.724029024,0.393356465,0.806388407
1/9/2018,0.62319138,0.715470498,0.568448862,0.79998923
2/9/2018,0.096234872,0.096234872,0.096234872,0.096234872
3/9/2018,0.627794152,0.684087943,0.522195896,0.77675615
4/9/2018,0.761495895,0.812903976,0.613501106,0.90324727
5/9/2018,0.687073813,0.729937898,0.54313578,0.824353117
6/9/2018,0.633703025,0.721746711,0.540330885,0.801724722
7/9/2018,0.678964204,0.716270717,0.485446624,0.807633596
8/9/2018,0.639370652,0.718644067,0.462635187,0.792361338
9/9/2018,0.096234872,0.096234872,0.096234872,0.096234872
10/9/2018,0.685090385,0.727014894,0.573001322,0.826533856
11/9/2018,0.747570227,0.809684409,0.606643535,0.895786818
12/9/2018,0.690957634,0.746290609,0.540330885,0.833907496
13/9/2018,0.64614456,0.70548985,0.485446624,0.789565856
14/9/2018,0.671457643,0.722511659,0.525387705,0.812505589
15/9/2018,0.661168672,0.726274425,0.429152832,0.801724722
16/9/2018,0.096234872,0.096234872,0.096234872,0.096234872
17/9/2018,0.610114656,0.670351361,0.505033634,0.760918607
18/9/2018,0.192469745,0.384939489,0.408798762,0.493615896
19/9/2018,0.774676147,0.827968883,0.57074375,0.911700863
20/9/2018,0.688055001,0.755009733,0.620035845,0.84972724
21/9/2018,0.680004191,0.736297983,0.522195896,0.822509297
22/9/2018,0.655104932,0.708053078,0.558870059,0.80428795
23/9/2018,0.096234872,0.152528664,0.096234872,0.152528664
24/9/2018,0.686085641,0.738354873,0.497527072,0.823249766
25/9/2018,0.096234872,0.096234872,0.096234872,0.096234872
26/9/2018,0.773624342,0.825447768,0.579561798,0.91072106
27/9/2018,0.708053078,0.751958235,0.583769319,0.848808796
28/9/2018,0.64614456,0.721746711,0.581681496,0.812505589
29/9/2018,0.657562298,0.708897078,0.518928979,0.799551946
30/9/2018,0.096234872,0.096234872,0.096234872,0.096234872
1/10/2018,0.096234872,0.096234872,0.096234872,0.096234872
2/10/2018,0.650055736,0.706349528,0.537468153,0.798231769
3/10/2018,0.344998409,0.223450454,0.096234872,0.375979118
4/10/2018,0.096234872,0.319685326,0.096234872,0.319685326
5/10/2018,0.783800146,0.839930311,0.636565757,0.928248708
6/10/2018,0.682061082,0.757403544,0.525387705,0.835268659
7/10/2018,0.096234872,0.096234872,0.096234872,0.096234872
8/10/2018,0.736297983,0.792361338,0.553820864,0.876557688
9/10/2018,0.766586234,0.835944269,0.630780021,0.919484638
10/10/2018,0.689029304,0.746290609,0.540330885,0.833221877
11/10/2018,0.681036445,0.736987004,0.522195896,0.823249766
12/10/2018,0.668111997,0.743038995,0.563742053,0.827611514
13/10/2018,0.67579667,0.682061082,0.457585992,0.786712929
14/10/2018,0.096234872,0.096234872,0.096234872,0.096234872
15/10/2018,0.696586956,0.761495895,0.595676976,0.851546099
16/10/2018,0.75379717,0.831492868,0.608389943,0.910129841
17/10/2018,0.096234872,0.096234872,0.096234872,0.096234872
18/10/2018,0.775720044,0.80845756,0.632249216,0.908740462
19/10/2018,0.681036445,0.73421016,0.481174362,0.817597524
20/10/2018,0.666978623,0.709735978,0.415920198,0.793738251
21/10/2018,0.096234872,0.096234872,0.096234872,0.096234872
22/10/2018,0.691911848,0.716270717,0.553820864,0.821016406
23/10/2018,0.730659134,0.815661124,0.644815961,0.899033363
24/10/2018,0.716270717,0.740381735,0.485446624,0.835268659
25/10/2018,0.677916369,0.725529986,0.577409234,0.823986306
26/10/2018,0.684087943,0.738354873,0.518928979,0.82471896
27/10/2018,0.651335354,0.694735761,0.512155071,0.789094421
28/10/2018,0.096234872,0.096234872,0.096234872,0.096234872
29/10/2018,0.662350275,0.707203916,0.53155928,0.802155226
30/10/2018,0.747570227,0.809276663,0.620035845,0.897311324
31/10/2018,0.67472456,0.741716722,0.537468153,0.825447768
1/11/2018,0.681036445,0.722511659,0.534545149,0.817212398
2/11/2018,0.633703025,0.71385609,0.540330885,0.797344625
3/11/2018,0.344998409,0.270165442,0.096234872,0.393356465
4/11/2018,0.096234872,0.096234872,0.096234872,0.096234872
5/11/2018,0.677916369,0.729937898,0.515583333,0.817597524
6/11/2018,0.782320513,0.855113856,0.686085641,0.942720621
7/11/2018,0.682061082,0.702878408,0.548581088,0.810090962
8/11/2018,0.663521907,0.690957634,0.525387705,0.793738251
9/11/2018,0.659976925,0.74564635,0.53155928,0.822137576
10/11/2018,0.636565757,0.712222688,0.545885128,0.798231769
11/11/2018,0.096234872,0.096234872,0.096234872,0.096234872
12/11/2018,0.633703025,0.689029304,0.501331079,0.778295954
13/11/2018,0.689029304,0.744999087,0.566115403,0.835944269
14/11/2018,0.677916369,0.73280063,0.528507781,0.820640661
15/11/2018,0.647460566,0.689029304,0.489591337,0.781823777
16/11/2018,0.723272414,0.737672623,0.53155928,0.841233959
17/11/2018,0.716270717,0.777271318,0.556368414,0.861425742
18/11/2018,0.096234872,0.096234872,0.096234872,0.096234872
19/11/2018,0.755009733,0.760338908,0.618430768,0.876305943
20/11/2018,0.844123169,0.87350619,0.681036445,0.973294686
21/11/2018,0.757403544,0.790970633,0.599429571,0.888826646
22/11/2018,0.740381735,0.797344625,0.637975288,0.891336515
23/11/2018,0.772031542,0.813697335,0.624742654,0.908939798
24/11/2018,0.71056984,0.781823777,0.606643535,0.868533153
25/11/2018,0.152528664,0.152528664,0.096234872,0.192469745
26/11/2018,0.760918607,0.748838158,0.525387705,0.862821106
27/11/2018,0.78862138,0.818364584,0.630780021,0.918372449
28/11/2018,0.746931892,0.803864018,0.515583333,0.883666548
29/11/2018,0.758585147,0.760918607,0.515583333,0.866384753
30/11/2018,0.695664444,0.74564635,0.366400315,0.822880025
1/12/2018,0.626276786,0.772031542,0.558870059,0.832877793
2/12/2018,0.096234872,0.270165442,0.096234872,0.270165442
3/12/2018,0.741050833,0.727751434,0.637975288,0.860581742
4/12/2018,0.192469745,0.356111344,0.223450454,0.4012922
5/12/2018,0.096234872,0.152528664,0.096234872,0.152528664
6/12/2018,0.152528664,0.096234872,0.192469745,0.223450454
7/12/2018,0.096234872,0.096234872,0.096234872,0.096234872
8/12/2018,0.096234872,0.096234872,0.096234872,0.096234872
9/12/2018,0.096234872,0.096234872,0.096234872,0.096234872
10/12/2018,0.096234872,0.096234872,0.096234872,0.096234872
11/12/2018,0.096234872,0.288704617,0.096234872,0.288704617
12/12/2018,0.096234872,0.096234872,0.096234872,0.096234872
13/12/2018,0.096234872,0.096234872,0.096234872,0.096234872
14/12/2018,0.096234872,0.096234872,0.096234872,0.096234872
15/12/2018,0.096234872,0.096234872,0.096234872,0.096234872
16/12/2018,0.096234872,0.096234872,0.096234872,0.096234872
17/12/2018,0.096234872,0.096234872,0.096234872,0.096234872
18/12/2018,0.096234872,0.096234872,0.096234872,0.096234872
19/12/2018,0.096234872,0.096234872,0.096234872,0.096234872
20/12/2018,0.096234872,0.096234872,0.096234872,0.096234872
21/12/2018,0.096234872,0.096234872,0.096234872,0.096234872
22/12/2018,0.096234872,0.096234872,0.096234872,0.096234872
23/12/2018,0.096234872,0.096234872,0.096234872,0.096234872
24/12/2018,0.096234872,0.096234872,0.096234872,0.096234872
25/12/2018,0.096234872,0.096234872,0.096234872,0.096234872
26/12/2018,0.096234872,0.096234872,0.096234872,0.096234872
27/12/2018,0.096234872,0.096234872,0.096234872,0.096234872
28/12/2018,0.096234872,0.096234872,0.096234872,0.096234872
29/12/2018,0.096234872,0.096234872,0.096234872,0.096234872
30/12/2018,0.096234872,0.096234872,0.096234872,0.096234872
31/12/2018,0.096234872,0.096234872,0.096234872,0.096234872
